Group,Recording_ID,Label,Sweep_Number,Peak_Index,Peak_Time_s,Peak_Time_ms,Peak_Voltage_mV
L + ACR2-CTZ,CTZ-11,After,6,1271,0.12710000000000002,127.10000000000002,4.82177734375
L + ACR2-CTZ,CTZ-11,After,7,1259,0.1259,125.9,4.486083984375
L + ACR2-CTZ,CTZ-11,After,8,1254,0.1254,125.4,4.119873046875
L + ACR2-CTZ,CTZ-11,After,9,1252,0.1252,125.2,3.143310546875
L + ACR2-CTZ,CTZ-11,After,9,1354,0.13540000000000002,135.40000000000003,0.48828125
