Group,Recording_ID,Label,Sweep_Number,Peak_Index,Peak_Time_s,Peak_Time_ms,Peak_Voltage_mV
L + ACR2-CTZ,CTZ-10,After,8,1287,0.1287,128.70000000000002,30.94482421875
L + ACR2-CTZ,CTZ-10,After,9,1274,0.1274,127.40000000000002,35.94970703125
L + ACR2-CTZ,CTZ-10,After,9,1382,0.13820000000000002,138.20000000000002,40.679931640625
L + ACR2-CTZ,CTZ-10,After,9,5481,0.5481,548.1,38.4521484375
L + ACR2-CTZ,CTZ-10,After,9,7811,0.7811,781.1,39.00146484375
